id;name;Actual_Tm;TEMPRO;ProTDet;DeepStabP_Cell37;DeepStabP_Lysate37;DeepStabP_Lysate22
sdab1;NRL-N-C2;67.5;68.17241;51.99513;54.78472918;55.58318549;55.94588066
sdab2;NRL-N-C2-hop;65;65.598465;51.983513;54.16085398;54.65091062;54.05580991
sdab3;NRL-N-E2;62;64.53389;52.29383;53.63767553;54.98596502;55.41266827
sdab4;NRL-N-E2-hop;62;62.813786;52.310158;52.46892524;53.24338152;52.69129085
sdab5;NRL-N-E10;70;71.23562;52.305046;51.90912798;53.41330194;54.14209347
sdab6;NRL-N-E10-hop;68;68.78346;52.092705;52.05866314;53.96634669;53.58629422
sdab7;NRL-N-B6;55;56.71909;52.260735;52.69441062;54.52068886;54.4920461
sdab8;NRL-N-B6-hop;55;55.864964;52.08805;52.58520885;54.20195783;53.81513089
sdab9;DesAb-HSA-P1;82.5;83.6918;52.250324;52.93211956;57.43718434;57.58917858
sdab10;DesAb-HSA-P2;80;76.113266;52.332104;53.68721254;57.86969598;58.5104774
sdab11;DesAb-HSA-D3;67.5;68.517746;52.242146;50.87231202;55.11166382;55.04147209
sdab12;DesAb-Tryp;78.5;79.7679;52.393898;52.37851592;56.97513173;57.87760018
sdab13;DesAb-RBD-C1;77.5;78.479294;52.429405;53.27676879;57.98333887;58.76593088
sdab14;DesAb-RBD-C2;80;81.3475;52.335327;52.46391925;57.5152124;58.056329
sdab15;Sb14;54.4;55.395336;52.249786;55.65298201;57.06579455;58.28355489
sdab16;Sb16;56.5;64.15311;52.229614;55.0903045;56.091823;57.06915583
sdab17;Sb45;62.1;62.791836;52.147438;53.82293131;55.60256277;55.83760305
sdab18;Sb68;78.4;79.597824;52.105206;53.94665205;56.30310675;57.47055565
sdab19;aRBD-2;72.3;72.90183;52.14977;49.86674761;50.71634771;49.9838955
sdab20;aRBD-3;75.44;76.594765;51.989136;52.24076322;54.04123503;54.01815117
sdab21;aRBD-5;73.37;74.887184;52.072132;53.00421948;55.07337833;54.79359946
sdab22;aRBD-7;78.98;80.59531;52.12858;55.20708512;57.01364078;58.21093802
sdab23;aRBD-41;71.26;72.030136;52.139275;55.36094963;57.09860298;57.97174603
sdab24;aRBD-42;98.23;99.34877;52.012917;54.25455672;56.33579144;56.51225478
sdab25;aRBD-54;71.07;72.01258;52.258095;54.76407646;57.23371496;58.06178409
sdab26;Nb6;66.9;67.55122;52.21015;54.27104976;55.48191388;56.22626831
sdab27;mNb6 (I27Y, P105Y);67.6;67.59358;52.24389;54.4561199;55.57823339;56.34003895
sdab28;Nb20;71.8;73.279;52.33257;54.72527001;57.01112381;57.53341203
sdab29;Nb21;72.8;73.65738;52.272808;54.93514458;57.08983051;58.01833093
sdab30;Nb89;65.9;66.3378;52.35636;53.74803698;55.52821335;55.98668711
sdab31;NIH-CoVnb-112;74.4;70.867905;52.19515;56.51157813;57.26723997;57.88999142
sdab32;W25UACh;57.9;58.76032;52.1746;52.25877722;51.18875762;48.84374605
sdab33;Nb1;57.9;58.84559;52.261375;51.80765876;52.02975292;50.93591492
sdab34;Nb2;49.6;48.616974;52.22236;54.54752323;55.92760917;56.66522507
sdab35;Nb4;75.6;77.236755;52.324577;50.65096638;49.8036557;48.56300111
sdab36;Nb7;51.8;52.983013;51.955925;51.01764159;49.20591626;48.08547543
sdab37;LaG16;53.6;53.97755;52.1856;52.26488501;55.28504731;55.51154866
sdab38;GBP1;46.9;47.466244;52.149414;50.46307387;52.68831879;52.39285527
sdab39;Nb_7;54.5;54.910698;52.36376;51.08242412;51.59625125;50.78895261
sdab40;Nb_12;58;57.977036;51.914806;53.16071472;53.5332622;52.00563911
sdab41;Nb_16;58;58.896763;52.070972;50.45174651;49.04768249;47.61584996
sdab42;Nb_21;53;53.416126;52.407726;50.60507609;50.12608334;49.6314219
sdab43;Nb_22;58;58.428074;52.291767;49.58616036;49.49477299;48.34965747
sdab44;Nb_87;68;68.67462;52.53365;55.33737474;57.01616972;58.23244304
sdab45;NbPep1;71.05;72.11317;52.604687;55.19019088;56.87555074;57.52028227
sdab46;NbPep2;74.35;75.63201;52.47155;54.75951158;57.32867319;58.10984405
sdab47;NbD1;63.9;64.933975;52.258858;55.56090203;57.26949346;58.51202031
sdab48;NbPep3;62.45;63.73408;52.02426;55.24334466;56.68478598;56.85227526
sdab49;NbPep4;64.55;66.09094;52.248657;54.13293777;56.63188171;57.35552353
sdab50;NbD9;63.2;63.949093;52.09492;53.49851165;53.57972734;53.13211787
sdab51;NbD8;57.95;58.907288;51.919342;55.03650602;54.54347931;54.62542954
sdab52;NbPep5;67.05;68.30916;52.055187;53.97887965;55.21505519;55.05052201
sdab53;NbPep6;58.6;59.519436;52.36048;54.69639971;58.05246472;56.61491362
sdab54;NbPep7;69.5;70.752;52.011253;54.70176299;56.57732075;57.01270664
sdab55;NbPep8;65.5;66.41269;52.336693;49.73969752;50.3797943;47.37790349
sdab56;NbD6;67.15;66.98256;52.0761;52.46082543;54.65625993;51.91768887
sdab57;NbPep9;70.8;72.192;51.995934;56.05586286;57.17636158;57.9149176
sdab58;NbPep10;85.75;86.862656;52.15105;56.55683169;57.89296148;58.66555548
sdab59;NbPep11;65.96298507;67.137375;52.084442;51.28093939;52.06345556;49.11159077
sdab60;NbPep12;66.5;67.964226;52.015766;55.78261494;56.89852683;58.3607626
sdab61;NbPep13;63.65;65.02522;52.145485;55.26184169;56.49414697;57.68907095
sdab62;NbPep14;70.58334992;71.75722;51.99696;53.83773772;56.00897058;55.09856599
sdab63;NbPep15;69.46915423;70.65227;52.221333;53.90056216;55.39249458;55.80060698
sdab64;NbPep16;73.2;77.382454;52.23755;54.02362024;55.24725684;54.55800429
sdab65;NbPep17;72.55;74.39871;52.311127;56.08019424;57.46513248;59.17275985
sdab66;NbPep18;71.45;72.910126;51.989357;54.32625543;53.83975967;53.22369087
sdab67;NbPep19;70.4;71.99505;52.296772;56.07789683;57.43068533;58.28986628
sdab68;NbD7;60.05;58.64668;52.394573;53.45516028;55.59556076;55.67286228
sdab69;NbD4;58.5;55.622093;52.057823;53.56870537;54.05070411;54.28007771
sdab70;NbD12;62.95;62.87796;52.379395;56.79840492;57.56930829;58.93528244
sdab71;NbPep21;67.15;72.77103;51.895805;53.59510261;54.59605824;53.65597297
sdab72;NbPep22;64.25;65.382126;52.01765;52.74344862;54.68589869;54.37937727
sdab73;NbPep23;70.05;69.229614;52.201942;52.3606137;52.50515085;52.18360345
sdab74;NbPep24;77.45;66.50755;52.203472;53.04327143;54.74640976;54.13324515
sdab75;NbPep25;68.85;70.08981;52.108498;49.58866934;48.35506267;46.95204156
sdab76;NbD10;56.15975124;66.7807;52.326317;54.8280047;54.76466528;54.21288799
sdab77;NbPep26;69.15;82.57926;52.026825;53.08909386;55.66439919;55.34336477
sdab78;NbPep27;85;91.93425;52.287823;54.0518618;55.5306944;55.64240315
sdab79;NbPep28;61.45;74.72041;52.578907;56.84193592;58.50662709;59.20793355
sdab80;NbPep29;57.35;69.25456;51.978016;52.13175108;52.24003667;51.6948023
sdab81;NbPep30;73.1;74.37288;52.36042;51.89818385;53.48078507;50.77410828
sdab82;NbPep31;63.3;65.70558;52.377716;53.98958026;55.00575148;54.65423996
sdab83;NbPep32;60.1;65.09757;52.046516;51.84883647;50.58184052;49.39698442
sdab84;NbPep33;76.35;76.68652;52.34776;55.09441628;55.78376864;56.55607321
sdab85;NbD3;65.75;60.18823;52.314228;54.17934303;57.21769698;57.07180055
sdab86;NbD2;62.5;63.721066;52.310448;56.55017899;57.70742427;58.80039999
sdab87;NbD5;53.6;62.00861;52.341393;55.67196607;58.08199171;59.2610015
sdab88;NbD11;60.75;62.23244;52.070507;54.52020183;55.19580167;54.06897559
sdab89;NbPep34;71.05;59.71443;52.139244;53.52004262;53.09854896;49.25392432
sdab90;NbPep35;69.45;70.57422;52.07215;53.0111137;53.49775316;53.00313365
sdab91;NbPep36;76.6;71.973595;51.97989;52.76991972;52.70433678;52.71293959
sdab92;NbPep37;74.1;75.42098;52.172035;55.61590012;56.34871561;56.88779428
sdab93;NbPep38;77.8;79.88536;52.26416;52.29972938;54.13994975;52.14804851
sdab94;NbPep39;78.85;80.30328;52.18686;53.72898905;54.26713757;53.97259421
sdab95;NbPep47;70.12363184;70.749435;52.26893;51.6050876;51.28717693;50.64221586
sdab96;NbPep50;63.55;63.628483;52.279724;54.39584835;55.89990454;57.25943357
sdab97;NbPep51;66.94111111;67.294495;52.17164;54.29017553;55.19387552;54.85015244
sdab98;NbPep52;57.74885572;58.52769;51.98449;53.52295081;52.98835718;52.32677133
sdab99;NbPep53;69.47366501;69.80281;52.044415;53.55059756;54.21232312;54.85754566
sdab100;NbPep54;78.7;79.590004;52.154945;53.64378532;54.47560895;55.74117975
sdab101;NbPep55;74.8;75.09566;52.1711;52.99682226;54.1466843;54.06076999
sdab102;NbPep56;76.3;69.34779;52.32025;54.64307228;55.80442336;56.26359372
sdab103;NbPep57;67.45;68.01804;51.915154;52.84399967;53.41430793;53.1149422
sdab104;NbPep60;80;80.86336;52.325592;53.89732663;55.43919326;55.76117579
sdab105;NbPep61;70.80817579;69.35405;52.34475;55.04729046;55.83198428;57.41762942
sdab106;NbPep62;75.15;75.908844;52.202545;52.54351218;53.72327447;53.46001658
sdab107;NbPep64;75.75;76.16958;52.144524;53.70873752;55.41694173;56.02846362
sdab108;NbPep65;74.65;75.47882;52.124744;54.02750447;56.11982105;56.81060653
sdab109;NbPep66;66.6;66.73563;52.210976;54.54523381;54.56588653;54.99818061
sdab110;NbPep68;69.5;74.67299;52.364605;54.40806993;56.10964538;57.83956619
sdab111;NbPep69;69;69.58536;52.306385;54.72987082;55.44000563;56.24591904
sdab112;NbLys3;62;63.605045;52.128265;55.41060439;57.31604842;57.59390713
sdab113;NbBcII10;78;79.66493;52.37583;55.42313735;57.25766909;58.64766723
sdab114;NbTEM2;62;63.968655;52.14204;52.67937666;52.00368701;52.15104053
sdab115;NbNmcA2;68;69.091965;52.089924;49.68818646;47.24509091;44.13328076
sdab116;NbHuL6;76;76.79708;52.354633;52.37623448;53.98839064;54.18179413
sdab117;NbR2;60;61.13001;52.03475;52.35975941;53.4668629;52.86741088
sdab118;NbHuL6:FERW;84.2;85.784676;52.11913;52.89100373;55.38872612;55.67012176
sdab119;NbHuL6:VERG;76.2;76.42016;52.0942;51.95877277;53.93440653;53.47660742
sdab120;NbHuL6:VERW;79.4;81.18143;52.031017;52.42670362;55.13874569;55.13623072
sdab121;NbHuL6:FGLG;82.5;83.65215;52.112007;53.45530001;55.67531937;56.11712643
sdab122;NbHuL6:VGLG;78.4;80.130264;52.151665;52.81295571;54.9714161;54.82175319
sdab123;NbHuL6:VGLW;79.5;83.11227;52.046715;53.11066874;55.44869028;55.64231932
sdab124;NbHuL6:FERG_W118R;70;73.18746;52.192596;52.97584418;54.96046398;55.66283631
sdab125;NbHuL6:VGLW_W118R;79.9;81.47937;52.046276;53.14553107;55.65442113;56.240436
sdab126;NbBcII10:FGLA;79.6;80.957054;52.352425;55.63301791;57.72326262;58.81892098
sdab127;h-NbBcII10;72;73.06112;52.177666;52.51057601;54.27325934;54.94323242
sdab128;h-NbBcII10:FGLA;74.3;74.01288;52.0364;52.95533716;55.19956415;56.31026445
sdab129;h-NbBcII10:FGLA_S-S-S;63.4;64.271034;51.90014;51.10180539;54.82874921;55.21868594
sdab130;cAbPSA-NB;51.5;52.288837;51.973072;51.45930294;50.96518243;50.04161614
sdab131;cAbPSA-C12;61.9;62.717484;51.90442;52.16433795;52.17754556;51.78926153
sdab132;cAbBCII10_0-0-0;60.2;65.7347;52.36389;56.39160988;57.36189081;58.70581702
sdab133;cAbBCII10_1-0-1;87;87.6004;52.36925;56.49406313;57.36969122;58.79020038
sdab134;cAbBCI110_0-0-1;70;71.70813;52.330273;57.89362416;57.80908111;58.90072949
sdab135;cAbBCII10_1-1-0;82;83.88629;52.376137;55.30900943;56.41626062;57.48751575
sdab136;cAbBCII10_0-1-0;65.6;67.056274;52.400898;56.6570574;57.24679482;58.18645095
sdab137;cAbBCII10_1-1-1;90;91.49541;52.26228;56.2807175;56.46689942;57.9361352
sdab138;cAbBCII10_0-1-1;71.4;73.30247;52.38096;57.20349336;57.21360915;58.20841107
sdab139;cAbAn33_1-0-0;71.2;72.18175;52.43795;55.51807961;55.41081397;56.97871457
sdab140;cAbAn33_1-0-1;90;90.708466;52.38086;56.57408921;56.83039499;58.10754065
sdab141;cAbAn33_1-1-0;89;82.05832;52.391277;55.50124126;55.79391835;56.15677719
sdab142;cAbGFP4_1-0-0;69.5;68.81092;52.002056;53.32266308;53.10921365;52.7390035
sdab143;cAbGFP4_0-0-0;60.3;60.90367;51.942455;53.40512228;51.68130528;52.00486465
sdab144;cAbGFP4_1-0-1;75.7;75.62493;51.962017;54.37519762;53.8375461;53.99167009
sdab145;cAbGFP4_1-1-0;76.2;73.00652;52.171734;53.94516303;52.90822332;52.49080552
sdab146;cAbGFP4_1-1-1;85;80.080956;52.05918;53.630935;50.9647453;50.14449654
sdab147;cAbAn33:SM;61;61.91782;52.44856;55.6207105;54.26648887;54.95978933
sdab148;cAbAn33:SF;60;61.91128;52.36789;55.64791214;53.40144962;53.89621884
sdab149;cAbAn33:FM;61;62.066883;52.259785;55.57921742;54.49785649;54.96683325
sdab150;cAbAn33:FE;59;60.139683;52.31533;55.54005968;54.72538179;55.45711145
sdab151;cAbAn33:IM;62;63.08502;52.30802;55.78481854;55.12041832;55.65207183
sdab152;cAbAn33:RE;57;58.380375;52.364876;55.82690443;54.56376477;55.3510534
sdab153;cAbAn33:NM;60;60.735962;52.318016;55.36903547;53.54975724;53.6128232
sdab154;cAbPSA-N7:TH;53;54.511887;52.133625;52.77686983;51.85530155;49.01107165
sdab155;cAbPSA-N7:TA;53;53.750584;52.11181;53.19459102;52.715237;51.25375173
sdab156;cAbPSA-N7:TP;57;54.494366;52.089638;53.0186706;52.08653344;49.12253689
sdab157;cAbPSA-N7:TG;53;54.05612;52.128113;53.11250307;53.02097399;51.6838941
sdab158;cAbPSA-N7:RE;51;52.07781;52.10901;53.08049304;52.58909309;50.10984778
sdab159;cAbPSA-N7:SG;53;53.622852;52.134052;53.13204801;52.66407125;51.3363786
sdab160;cAbLys3:SP;59;59.91811;52.243507;55.76415583;57.94668611;58.38500615
sdab161;BM_GFP2;78;77.65815;52.278847;49.49655144;50.05884172;48.82182186
sdab162;BM_GFP2:FG;67;69.448456;52.363518;49.80805291;51.13854596;50.05499141
sdab163;BM_GFP2:EL;63;65.11435;52.278748;49.85301306;51.81952505;49.79292514
sdab164;BM_GFP2:IA;69;71.04068;52.364014;50.22470824;51.49606747;49.89499716
sdab165;BM_GFP2:VS;70;72.251816;52.37388;50.90894481;53.26428375;52.57591543
sdab166;BM_GFP3;78;73.93277;51.887653;49.98542644;49.97882164;48.36683913
sdab167;BM_GFP3:LP;71;71.97456;51.917164;50.05839661;50.1509696;49.09597997
sdab168;BM_GFP3:VP;69;71.41916;51.972088;50.1321552;50.49156893;49.23354505
sdab169;BM_GFP3:LR;74;73.37932;51.956505;50.14916321;50.78628994;49.12465266
sdab170;BM_GFP3:ER;69;70.17426;51.97154;50.71656727;51.45405144;48.99586804
sdab171;BM_GFP3:LG;70;72.14605;51.95249;50.33024133;51.12424255;49.1057684
sdab172;BM_GFP3:VG;72;71.55924;52.001495;50.58094232;51.78159685;49.27846727
sdab173;Gr3;66;67.81403;52.282887;55.06761185;56.4276798;56.8710677
sdab174;Gr6;79;80.21315;52.001263;54.52560104;56.42360993;57.01998011
sdab175;sdAbDA5;66;67.047806;52.095787;54.64797249;55.27631477;55.78854709
sdab176;2A3;74;74.857574;52.09903;53.97852037;55.37998359;55.33125098
sdab177;Abr2;64;62.08844;52.292442;53.9523826;55.32791964;55.84975077
sdab178;N12;67;58.4462;52.292854;55.67354092;55.04980344;55.10883347
sdab179;N5;64;65.14714;52.07827;51.90543935;49.60493484;48.18215023
sdab180;TP377;66;67.07428;52.060406;54.55169689;56.41878757;57.1982698
sdab181;7C12;65;65.12512;52.12487;56.27514863;57.36803852;58.65560736
sdab182;EG2;61;61.635906;52.08451;54.05256639;56.316494;55.21124081
sdab183;BclA A5;69;69.664635;52.350243;56.17650776;56.81490394;57.76243833
sdab184;BclA B7;69;62.019295;52.650917;56.05728203;57.00977051;58.03788585
sdab185;BclA H3;58;61.666172;52.697357;55.96469107;57.1539863;58.22386418
sdab186;gerQ B2;49;55.561348;52.40899;54.31897797;55.33372803;55.51365046
sdab187;gerQ G4;46;46.93688;52.136047;53.28821592;51.71478038;48.95082406
sdab188;SODA1 F3;70;71.3746;52.04615;50.79118016;52.00840757;50.56920378
sdab189;SODA1 G4;65;65.65531;52.513542;52.74193364;55.89034964;54.55590249
sdab190;SOD15 A6;70;71.24307;52.15561;53.94465405;55.55472837;55.06556594
sdab191;SOD15 D2;65;66.71129;52.266533;54.79144376;56.26736419;57.46363148
sdab192;p5303 A3;64;64.6962;51.937084;52.89988598;52.80844672;54.17277416
sdab193;p5303 B6;72;56.44972;52.196148;55.89272888;56.54578577;57.15064498
sdab194;p5303 F1;62;62.893917;52.371178;55.36723307;56.02133187;57.03521765
sdab195;Nb02-M0;43.38;45.166542;51.87301;52.82780404;53.74262779;52.36159973
sdab196;Nb02-M1;57.47;50.19669;51.872223;51.77045711;52.5827837;51.48875009
sdab197;Nb02-M2;60.59;52.926037;51.857307;52.33162563;53.40427598;52.26955368
sdab198;Nb02-M3;60.01;48.971424;51.87539;52.01632575;52.60152026;51.40402342
sdab199;Nb02-M4;43.08;45.56188;51.86567;52.31656373;52.45013679;51.33067201
sdab200;Nb02-M5;51.16;50.979664;51.866325;51.89461099;52.97206174;51.65424336
sdab201;Nb02-M6;48.91;52.277916;51.869587;51.81151506;52.63032669;51.53536493
sdab202;Nb02-M7;50.74;50.323494;51.84424;52.03888666;52.82538487;51.60842493
sdab203;R419;66;66.693375;52.134865;55.10170971;56.48662001;56.95955886
sdab204;VHH_WT;52.35;52.96822;52.09496;55.04913478;56.08855154;56.97809581
sdab205;VHH:C24A:C98A;47.25;49.994984;52.032116;54.75948364;55.36043865;56.204911
sdab206;VHH:C24A;46.8;50.50091;52.078632;54.76650959;55.66762475;56.19196487
sdab207;VHH:C98A;47.02;47.3089;52.109764;56.17840796;55.93161517;56.93489614
sdab208;WD11f;51;51.6592;52.19621;53.18316586;53.37519809;53.40689275
sdab209;WE11f;50;50.80179;52.178856;53.15800215;53.18891437;53.34554934
sdab210;WB9;75;53.62456;52.120655;54.66732781;53.6528033;52.78633491
sdab211;WC10;60;54.665432;52.160095;53.56680117;49.59025617;47.8902895
sdab212;WH11;72;71.98986;52.185505;53.18407205;54.12415332;53.77609091
sdab213;WE10;54;54.879326;52.208862;52.98146695;54.02833282;52.46682943
sdab214;WF4;43;43.668888;52.155304;54.40919168;51.05509873;48.51835234
sdab215;EBOV-GP-E7;54;57.09126;52.262085;53.34928388;52.5116778;53.10692822
sdab216;EBOV-GP-G6;67;68.69239;52.260937;53.95259019;55.61719752;55.85090646
sdab217;EBOV-GP-H7;68;66.057884;52.12063;54.17622526;54.8281045;54.44692028
sdab218;EBOV-GP-A8;60;59.331985;52.368965;53.43662333;54.6260483;55.07522264
sdab219;EBOV-GP-D1;51;63.99713;52.162304;54.31854883;55.05574756;54.05101349
sdab220;EBOV-GP-B5;60;60.783764;52.17486;52.39166764;51.81816776;52.08614622
sdab221;EBOV-GP-C12;62;63.03571;52.27779;54.99875746;54.40395814;56.0710545
sdab222;EBOV-GP-G11;46;46.81296;52.165276;54.88187304;55.09851609;55.70560884
sdab223;EBOV-GP-G3;61;59.43674;52.079937;53.7106497;54.34085625;55.19427073
sdab224;EBOV-GP-B11;62;62.706196;52.052406;54.04234482;54.69648354;54.72255743
sdab225;D10;66;66.51623;52.288372;53.69579937;54.84410652;55.90891454
sdab226;E1;65;65.56743;52.103058;54.08426903;56.46622277;56.54806721
sdab227;F5;70;70.532974;52.179058;52.653688;55.87966499;55.84481663
sdab228;F6;74;75.7661;52.12983;56.16086502;58.27711576;59.39572226
sdab229;H1W;70;70.15231;52.037514;53.80133846;54.44024762;54.38073056
sdab230;F6m+;85;85.69537;51.98104;57.17661308;58.14772634;59.22820504
sdab231;sdAb A3;85;85.79715;52.373802;54.83932009;57.96228694;58.91579338
sdab232;Nb2;65;67.382454;51.887085;53.44803053;54.5837668;54.85438797
sdab233;Nb3;65;66.27783;51.939552;56.04652752;54.80767932;55.04239624
sdab234;VHH212;50.75;51.551167;52.28725;53.08387429;56.56171194;57.13087249
sdab235;E1;59;62.07516;52.286022;49.29310402;47.42591953;43.93981041
sdab236;G11;60;61.099552;52.41874;55.89245742;56.79879614;58.05871423
sdab237;E10;48;49.232777;52.333355;54.10726707;55.38080994;56.28945604
sdab238;E11;64;64.947266;52.064068;52.83981204;54.38769864;54.09537883
sdab239;B5;63;65.10947;52.065796;52.90186802;54.57335162;54.25796191
sdab240;H6;64;65.32056;52.18089;53.80777959;55.91480876;56.02118616
sdab241;F3;65;66.05329;52.147278;52.67484572;54.68919411;54.3765589
sdab242;C7;66;66.62404;52.14513;52.54606309;54.85943988;54.7960286
sdab243;A26.8:T103R;79.1;79.93298;52.087242;53.36433579;55.54107565;56.01402847
sdab244;A26.8:T56R;77.2;78.49274;52.091602;53.32592655;55.18329666;55.2598357
sdab245;A26.8:Q101K;81.4;82.08925;52.11421;53.50758751;55.86467295;55.98577892
sdab246;A26.8:T103K;78.5;79.91032;52.096436;53.29408419;55.55126728;55.63573647
sdab247;A26.8:T54R;75.5;76.78565;52.07773;53.15314785;54.9633582;54.8126933
sdab248;A26.8:T58K;76.9;75.97133;52.10235;53.45902057;55.46750468;55.56029524
sdab249;A26.8:T56I;76.5;79.86011;52.12088;52.81955851;55.05805096;54.38818167
sdab250;A26.8:T103M;77.4;79.783295;52.07431;53.18376067;55.79537344;56.10420825
sdab251;A26.8:N109R;77.6;77.514725;52.09379;53.45658344;55.55176828;56.35212679
sdab252;A26.8:T103W;77.5;78.75765;52.088787;53.2594514;55.76715783;56.47975972
sdab253;A26.8:D107R;70.8;75.15603;52.0968;53.76061983;56.03133388;56.75848869
sdab254;A26.8:D107N;74.9;75.958885;52.10485;53.55494088;56.04469319;56.41902909
sdab255;A26.8:E110Q;78.1;78.278114;52.08738;53.19622576;55.3899337;55.81962298
sdab256;A26.8:T54W;74;76.75406;52.012672;53.13714383;55.53003771;55.97664717
sdab257;A26.8:T54Y;76;77.448654;52.009552;53.16967482;55.48834703;55.7067266
sdab258;A26.8:D107Y;73.4;74.98792;52.14287;53.72758984;56.24826436;57.07026162
sdab259;A26.8:R104W;77.3;78.6806;52.08249;53.16701214;55.72521166;56.09869327
sdab260;A26.8:S53R;74;75.08583;52.06679;53.19273274;55.25122491;55.46841885
sdab261;A26.8:Q106L;80;80.22286;52.138073;53.39942367;55.94608625;56.23289108
sdab262;A26.8:Q106W;79.7;79.56677;52.13656;53.79602907;56.32056786;57.45729614
sdab263;A26.8:Q106Y;79;79.668335;52.154182;53.90213103;56.52961409;57.50524033
sdab264;A26.8:Q106F;81;79.70116;52.13565;53.5776455;56.13094282;56.36815276
sdab265;A26.8:T56R_Q101K_T103R;81.6;82.697914;52.09426;53.81249816;55.4970676;55.70058687
sdab266;A26.8:T56R_T103R;78.5;79.502426;52.08268;53.48078108;55.15907507;55.4667941
sdab267;A26.8:T56R_Q101K_T103M;80.9;82.060394;52.058643;53.62158768;55.7726289;55.82256909
sdab268;A26.8:T56R_Q101K_T103K;81.3;82.77234;52.084656;53.76046215;55.57138707;55.54311158
sdab269;A26.8:T56R_T103K;78.5;79.45975;52.08335;53.42499457;55.22025081;55.10265382
sdab270;A26.8:T56R_Q101K;81.4;81.68747;52.09308;53.59784114;55.47500968;55.47263642
sdab271;A26.8:Q101K_T103R;81.9;82.95224;52.101776;53.76526056;55.89094844;56.39192326
sdab272;A26.8:T56R_T103M;77;79.252205;52.056587;53.31753732;55.46866835;55.69494016
sdab273;A26.8:Q101K_T103M;81.3;82.37996;52.084606;53.53201469;56.11908252;56.39504103
sdab274;A26.8:Q101K_T103K;81.5;83.00046;52.105995;53.71468563;55.90179077;56.17668341
sdab275;concave;74;74.99329;52.29354;54.52223377;57.53676732;58.1820737
sdab276;loop;75;81.97525;52.06228;54.27007371;57.11668085;57.73811095
sdab277;1zvh;74;75.69899;52.147827;52.40213472;56.48415294;57.61838621
sdab278;convex;95;96.425285;52.110207;53.87468787;56.88916354;58.9308952
sdab279;NbCEA5;70;70.49645;51.883766;54.47402212;55.79371476;56.99735333
sdab280;NbCEA5_hs;74;74.34157;51.85441;54.0532111;56.9945649;57.69960789
sdab281;NbCEA5_hg;73.7;76.15437;52.001923;53.03290016;55.53874231;56.63507133
sdab282;ICab3;75.6;70.25736;52.131176;53.93217099;55.51447082;55.94411219
sdab283;ICab3:V115C;70.5;72.294205;52.13328;53.93089754;55.32939269;55.60808174
sdab284;ICab3:H116C;63.9;71.12802;52.138165;53.99557428;55.48575022;55.80131357
sdab285;Nb1174;70.95;72.28057;52.16358;54.07741273;54.62185668;54.47778261
sdab286;Nb1175;73.8;74.82938;52.193188;56.95310376;58.41252715;59.41069634
sdab287;Nb1176;71.94;68.882225;52.188393;56.60183376;57.24740161;58.72015037
sdab288;M24E;56;56.501163;51.9224;52.83685395;52.7126342;50.91614043
sdab289;M28C;52;52.503918;52.175915;53.57355368;53.05155088;51.09777544
sdab290;M112D;49;49.60642;52.011475;52.40734631;52.6795104;51.06964965
sdab291;M110B;64;65.0791;52.1844;54.46144526;56.19055968;56.8415986
sdab292;M110C;62;63.160797;52.26995;54.24744493;56.32370958;56.50022881
sdab293;M27G;62;63.361652;52.497692;54.28515557;56.17940397;57.31054941
sdab294;Nb85;74.5;75.30719;52.11671;53.16861094;55.88264503;54.99965167
sdab295;Nb119;70.3;71.40412;52.172077;55.75086439;58.30154694;58.74479512
sdab296;Nb147;57.8;58.414646;52.099182;55.43886591;55.29123096;55.40912934
sdab297;Nb174;67;73.02434;52.303535;56.3857456;57.07567281;58.12277421
sdab298;Nb5;60.7;61.527435;52.309174;51.65682021;52.78186784;51.0421027
sdab299;R11;69.6;70.15513;51.969643;52.45491724;52.60531867;52.27207265
sdab300;R28;71.6;72.40018;52.029602;53.34220802;54.92812062;55.20610109
sdab301;M75;79.8;81.354614;52.11007;54.77391879;56.72307945;57.33788279
sdab302;M79;67.2;68.08917;52.24984;55.53232713;56.46803515;58.77796882
sdab303;R11-H3;61.6;62.912174;51.759315;50.68137361;50.16954648;49.45377892
sdab304;R11-H4;68.6;68.01709;51.83924;50.8218828;50.83204051;49.93370979
sdab305;R11-H5;65.2;65.774475;51.694115;51.09017064;51.39225094;50.75260326
sdab306;R11-H6;67.5;68.46517;51.692352;51.45900953;51.9790722;51.74085028
sdab307;R28-H1;66.1;66.89651;51.8781;53.10390825;54.16150867;54.31379034
sdab308;R28-H2;66.5;66.55672;51.85617;52.72927893;53.16893629;52.87065041
sdab309;R28-H3;70.9;72.222626;51.951324;52.81408545;53.61766752;53.48506053
sdab310;R28-H4;66.8;67.751076;51.681416;52.90602172;53.83076365;54.11085191
sdab311;R28-H5;68.1;68.629;51.740253;53.17115985;54.35802594;54.82097674
sdab312;M75-H1;78;75.48678;51.9169;54.67650147;56.52165;56.88024935
sdab313;M75-H2;73.2;73.93651;51.893536;53.84304112;55.77678659;55.53598782
sdab314;M75-H3;78.6;78.79381;52.22685;54.07198957;56.21619644;56.15275523
sdab315;M75-H4;76;76.924126;52.153786;54.18158654;56.2255737;56.46598126
sdab316;M75-H5;80.9;81.44853;52.13273;54.44317776;56.90761467;57.34123409
sdab317;M79-H2;63.3;67.33127;52.079506;57.0978944;57.60416264;59.02162987
sdab318;M79-H3;60.9;61.48691;52.173615;57.19278077;56.99283635;59.1799375
sdab319;M79-H4;64.7;64.152824;52.04014;56.10818031;56.31285527;58.56776491
sdab320;M79-H5;70.4;70.9102;52.067833;56.21469943;57.01784837;58.89774745
sdab321;C5;58;58.458344;52.22055;55.0183024;56.74984596;57.96899553
sdab322;D4;67;66.54991;52.038494;54.8175975;56.56855427;56.25539411
sdab323;A4;57;64.27783;52.621025;51.78268867;50.55289836;49.90152212
sdab324;E6;60;60.73099;52.369976;54.76519622;56.47390941;57.62822255
sdab325;CC3;60;62.13937;52.134357;52.79113931;51.36298144;49.99869392
sdab326;CC3-m1;75;75.92523;52.252983;51.50392177;51.73105585;49.76618658
sdab327;CC3-m2;67;67.67767;52.170837;51.51916531;50.29141293;48.8423688
sdab328;CC3-m3;71;71.38196;52.16813;52.32161963;52.0414695;50.38839711
sdab329;CC3-m4;70;70.119156;52.14228;53.25338552;53.57053172;51.761505
sdab330;CC3-m5;59;59.07867;52.13429;54.49942735;54.85899477;54.71476301
sdab331;CC3-m6;57;57.849834;52.13733;54.73261733;55.05544417;54.77229204
sdab332;CC3-m7;56;56.812252;52.214314;56.64861427;56.12808653;56.19967746
sdab333;CC3-m8;58;58.376114;52.12083;57.39923218;56.90663662;57.48516645
sdab334;Cc3-m9;53;53.81392;52.173286;57.44188694;56.69319518;56.86509564
sdab335;Cc3-m10;43;44.016705;52.20804;57.84516101;57.00768667;57.04769073
sdab336;CC3-hop;62;59.807114;52.192688;53.80123866;53.76187532;53.50021025
sdab337;CH5;54;54.606304;52.17103;53.16492631;52.81927708;52.24080513
sdab338;CD11;71;72.13654;52.20572;55.42870222;55.89552729;57.30941169
sdab339;CH6;59;58.977283;52.328266;54.40904797;56.41624465;58.07313341
sdab340;CA6;55;55.33495;52.11442;50.44120158;49.26468082;48.44000491
sdab341;ÐÐ°;71;72.46148;52.102882;55.90121392;58.12685006;59.04291334
sdab342;Ac;73;70.29594;51.99314;56.43091533;57.67113679;58.59281684
sdab343;Ad;55;56.77709;52.036884;55.86948933;57.22325187;58.22791808
sdab344;Ca;47;47.461536;52.16571;53.76241225;53.98701739;54.5089084
sdab345;Cb;70;72.27672;52.092224;55.73978853;56.89024538;57.60205485
sdab346;Ð¡Ñ;72;72.301956;52.10373;55.73557894;56.77923323;57.38698266
sdab347;Cd;59;59.733204;52.13418;55.05823858;55.73946517;56.54803328
sdab348;E2;71;71.87186;51.980682;57.46188697;57.6475639;58.50476282
sdab349;D9;63;64.454605;52.068047;54.24884812;55.57282819;55.54198383
sdab350;sdAb A3:S25I;85;81.589485;52.26771;53.9819575;57.04238733;57.74427064
sdab351;sdAb A3:F29A;84;84.63327;52.34664;53.76717074;56.65153244;57.63586528
sdab352;sdAb A3:F29L;85;87.446144;52.309013;54.32981232;57.34188679;58.43923976
sdab353;sdAb A3:P55S;83;84.34205;52.317852;54.64830582;57.36668323;58.42915791
sdab354;sdAb A3:Y59A;82;79.96652;52.259155;54.39083038;57.28596455;58.24387819
sdab355;sdAb A3:Y59P;84;78.27379;52.276836;54.18744683;57.25697648;58.14765249
sdab356;sdAb A3:R70A;74;75.39349;52.222157;53.23541743;56.43084947;56.90710369
sdab357;sdAb A3:S74A;83;84.16191;52.268867;54.25181819;57.07768279;58.12076822
sdab358;sdAb A3:A75R;84;85.49174;52.290894;54.27457072;56.77018132;57.58439814
sdab359;sdAb A3:Y98A;75;76.12415;52.291218;54.34391613;57.61017462;58.56262518
sdab360;sdAb A3:D102A;84;84.95825;52.33141;54.77117228;57.48053371;58.59567513
sdab361;sdAb A3:D102R;73;81.66884;52.31375;54.69225;57.3021981;58.44101022
sdab362;sdAb A3:K104G;78;79.1704;52.370705;54.27694198;57.06135542;58.02980401
sdab363;sdAb A3:M111A;76;76.82469;52.322044;54.30014162;57.15399828;58.18203977
sdab364;sdAb A3:M111T;76;78.72419;52.305733;54.28688611;57.15558111;58.06525316
sdab365;sdAb A3:M111A_V107I;76;78.04557;52.311817;54.44651709;57.32303247;58.26214767
sdab366;sdAb A3:V116A;80;81.376305;52.31495;54.40481044;57.10502814;58.21637715
sdab367;sdAb A3:V116Y;79;80.55321;52.314636;54.40116971;57.37946968;58.44644736
sdab368;A17;77;78.411224;52.28817;55.36144464;56.56956624;56.96331735
sdab369;A18;67;61.789944;52.07505;54.62499042;55.46012143;55.61074043
sdab370;B2;61;61.613964;52.13722;55.56943298;57.25419404;58.01047863
sdab371;B4;63;64.06471;52.400185;53.0305768;53.7306138;53.22198628
sdab372;C1;53;53.906704;52.57475;57.39507848;57.71441829;58.50215203
sdab373;C6;58;59.32979;52.210743;54.05564224;54.75841777;55.46506555
sdab374;C6m;67;67.42009;52.103394;53.2872219;53.66067357;53.79811889
sdab375;C24;66;67.36034;52.101612;55.07950608;56.68961633;57.9023607
sdab376;D16;53;53.92171;52.134804;55.32296154;57.35958741;58.1301315
sdab377;D22;62;62.632286;52.26243;55.27152634;54.78035393;54.62546347
sdab378;E4;57;57.922977;52.06842;55.28882576;56.8212832;57.7761609
sdab379;E6;63;64.36408;52.341297;54.25634315;55.26849839;55.65251694
sdab380;E6m;72;72.65102;52.22283;53.5758451;55.32096154;55.29950642
sdab381;E7;64;65.84314;52.326286;52.48151409;53.82999319;52.89040094
sdab382;E7m;64;65.37889;52.223663;52.33352384;53.35292859;52.55354613
sdab383;E7m2;72;73.251656;52.260612;50.61326173;52.42969165;50.61260903
sdab384;E7m3;80;81.15146;52.222057;54.1304687;56.28637819;56.75532501
sdab385;F5;57;57.911114;52.331806;56.13884702;56.23242002;57.3443838
sdab386;F8;58;58.578564;52.384148;57.47042591;56.79516539;58.02581997
sdab387;F8m;63;63.26881;52.276966;57.0787766;56.91693404;58.37619975
sdab388;F9;69;69.70141;52.240875;54.64074892;55.88745742;57.07134745
sdab389;G3m;63;64.29501;52.238106;54.39823757;55.13944629;55.48315939
sdab390;G20;68;68.31328;52.5341;53.69066164;56.6755185;57.24561319
sdab391;L1-H2;62;62.78484;52.026215;54.15086993;56.25631826;56.87661262
sdab392;L1-E6;60;60.682148;52.27419;54.90751181;56.23600086;57.61742014
sdab393;L1-H7;60;61.14183;52.24964;55.62545702;56.66515521;57.68230248
sdab394;L1-C5;57;61.55096;52.30948;55.26966206;56.72828904;57.71159593
sdab395;L1-G2;61;62.785217;52.20871;55.04863178;56.78731109;58.04060442
sdab396;L1-G2+;80;80.63762;52.2696;56.09245573;57.46735604;58.58684079
sdab397;L1-E2;56;56.83508;52.10329;54.53899228;56.25365159;57.24377087
sdab398;VACC-A5;60;60.900616;52.188793;54.53607012;55.3944387;55.72817973
sdab399;VACC-G11;61;61.147892;52.1692;54.56231567;55.12752811;55.51488998
sdab400;VACC-D9;71;72.269135;52.076744;56.46437247;56.93049694;58.1683631
sdab401;VACC-B7;79;78.83151;52.28692;55.92686865;56.70298361;57.6092864
sdab402;VACC-D12;75;75.741005;52.29297;56.30146404;56.83822933;57.98799556
sdab403;VACC-C5;57;57.99973;51.95295;55.73684042;57.8051849;58.91086723
sdab404;VACC-E4;70;71.21133;52.224407;50.66659913;49.85777355;49.1211317
sdab405;VACC-F7;62;62.139454;52.004192;54.03441466;56.13290689;56.18516446
sdab406;VACC-E7;60;57.335014;52.127026;52.46553602;51.7027604;50.63514599
sdab407;VACC-C11;59;59.745747;52.180428;54.19163047;55.20061006;56.0536453
sdab408;L1-G2+neg;81;82.61235;52.372444;54.26709965;56.13663744;56.49006512
sdab409;L1-G2+neg2;81;81.80586;52.291218;53.86502518;56.38103901;56.33918266
sdab410;A3;86;82.14919;52.3164;54.42555498;57.19378277;58.23828337
sdab411;A3+;87;88.64926;52.38866;53.99467608;56.68605345;57.23602435
sdab412;A3+neg;85;86.131714;52.341217;52.85783203;56.4103185;55.76838139
sdab413;ACneg;80;80.46355;52.017902;55.59824739;58.00892972;58.87042006
sdab414;AC+;76;77.502396;52.104748;57.76352615;57.9878758;58.83359166
sdab415;AC+neg;82;88.558365;52.076935;57.10607405;58.22678634;59.01504304
sdab416;A3:A50C_A108C;89;90.489365;52.318916;53.83188541;56.46894733;56.78435899
sdab417;A3:V33C_M105C;89;90.142235;52.332745;53.82769379;56.3586278;57.17180868
sdab418;A3:Q3C_Y118C;88;89.1687;52.258026;54.17666837;56.82957463;57.70396518
sdab419;A3D1;48;47.934406;52.4096;53.11364878;54.32543307;56.42683948
sdab420;D1A3;68;68.89502;51.977955;53.22810006;53.56675127;52.54836648
sdab421;A3C8;70;71.88652;52.17858;55.29958027;58.3692177;59.26829692
sdab422;C8A3;65;66.259995;52.190376;52.35589912;54.12501161;53.24102822
sdab423;AAD;71;71.96345;52.201843;55.087552;57.4590686;58.46731765
sdab424;ADA;66;57.94871;52.309174;53.22636552;55.92763712;56.06081297
sdab425;DAA;75;76.30769;52.397938;52.36118456;56.20942398;56.31565568
sdab426;DDA;46;46.68699;52.25451;53.25736158;52.9211914;50.48093218
sdab427;DAD;65;65.8976;52.075306;52.41188524;52.5588675;48.4531706
sdab428;C2;71;70.46803;52.258373;54.33391013;56.52501328;57.35927204
sdab429;C2neg;73;74.71913;52.277107;54.03173602;56.72180999;57.1365212
sdab430;C2neg+;86;86.24457;52.333973;54.4552197;56.44931257;57.02455097
sdab431;C20;60;60.252865;52.472954;55.40425508;57.28051943;58.03578805
sdab432;C20neg;66;66.81709;52.431286;54.92403079;56.94220753;57.34237381
sdab433;C20neg+;75;75.542404;52.36856;55.32755237;56.44218082;56.53053225
sdab434;C2;65;64.952576;52.299004;53.34785074;55.46246275;53.62787712
sdab435;C8;58;59.240833;52.125347;53.31860918;55.11173767;52.78767623
sdab436;D12;74;74.799835;52.197723;54.71117817;57.50938804;57.70849613
sdab437;E9;55;57.29431;52.368263;54.44126758;56.47961201;56.44225866
sdab438;H3;53;54.038826;52.34057;54.5027068;57.14781064;57.42766935
sdab439;H1;65;65.23169;52.020485;54.76167925;55.38341074;55.27721097
sdab440;F8;58;58.89103;52.44268;55.79676666;53.25644341;54.99042611
sdab441;D1;50;50.73673;52.367455;50.9421265;48.49342415;47.29501713
sdab442;F11;50;50.939674;52.21821;52.88927319;53.12721368;52.66268003
sdab443;D12f;74;75.69907;52.38678;54.78330802;57.74320876;57.98783987
sdab444;H1W;70;70.7003;52.026604;54.05827698;54.46523568;54.50892237
sdab445;C10;60;61.263332;52.104362;53.28105822;53.33673096;49.93574572
sdab446;D12fneg;77;75.967865;52.23768;54.138325;57.37249761;57.25660721
sdab447;H1Wneg;62;63.007618;52.09267;52.49283147;50.40300192;48.36869941
sdab448;C10neg;65;66.12811;52.36573;51.4833928;50.38425539;46.80735671
sdab449;D12fneg+;77;78.32241;52.197823;55.11501911;57.5272723;58.06347472
sdab450;H1W+;75;75.46127;52.12673;54.98500294;55.22108714;55.16297328
sdab451;H1Wneg+;68;68.60314;52.10401;53.45904452;51.13694716;48.79422901
sdab452;C10neg+;78;79.28526;52.32765;50.87427809;50.94661154;45.86039717
sdab453;DC4;64;65.18585;52.19627;54.01900745;57.0450041;57.48147183
sdab454;DH12;68;77.33053;51.962677;54.24082416;57.0537586;57.87426684
sdab455;DD5;65;66.04512;52.08206;54.71872309;56.49496134;58.10838696
sdab456;DD7;59;59.91677;52.555225;53.51848972;54.63279682;52.39445407
sdab457;DD6;53;58.884228;52.538628;53.72332237;54.19538697;51.89908405
sdab458;DB5;65;65.990845;52.1693;53.97883574;55.53658462;55.69325153
sdab459;DH4;55;57.119114;52.256615;56.14390891;56.76260446;58.43074274
sdab460;DD1;61;60.535427;52.042336;55.89205623;56.65956239;58.28851897
sdab461;DD9;59;57.495747;52.169697;56.23910666;56.8362912;58.3593594
sdab462;D2-L29;80.7;81.92198;52.186394;54.89013453;56.8407942;57.3703539
sdab463;D2-L29:A107F;81.7;82.93253;52.15497;54.86320635;56.922457;57.25417208
sdab464;D2-L29:A107R;80.7;82.405685;52.135048;55.23119893;56.98368065;57.37931599
sdab465;D2-L29:A107Y;81.9;82.63454;52.145325;55.05371762;57.15594838;57.87396345
sdab466;VP40-A2;55;56.35591;52.073814;52.82526711;49.17568667;47.47421102
sdab467;VP40-H1;57;57.033123;52.08716;52.93803574;49.14973254;47.48330684
sdab468;RN05;64.2;65.0096;52.044147;54.90056968;55.61003384;55.68586429
sdab469;9,00 AMD;64.1;65.40286;52.317497;53.56128021;56.31404689;58.119876
sdab470;H14;60.1;61.083134;52.03031;55.3675165;55.68632737;56.81589596
sdab471;CA05;66.7;67.94425;52.28182;54.68708432;56.78292186;56.99172058
sdab472;A4.2;84.7;87.317764;52.246666;56.00509432;57.53605874;58.37510992
sdab473;A5.1;73.1;74.38988;52.23123;55.4056483;57.03482444;57.69838434
sdab474;A19.2;75.1;75.75908;52.213234;56.41953408;57.43787895;58.2623852
sdab475;A20.1;72.4;73.27688;52.0353;54.66007829;56.19129421;57.09011395
sdab476;A24.1;74.6;75.911575;52.082634;54.83411449;55.92440358;56.37440826
sdab477;A26.8;77.2;79.10486;52.106476;53.15231152;55.52486604;55.70145314
sdab478;A4.2m;93.6;95.037476;52.202965;56.47865193;57.54522043;58.33678851
sdab479;A5.1m;84.7;86.19403;52.181892;55.82923377;56.98687826;57.6823903
sdab480;A19.2m;78.8;80.1094;52.299633;57.477883;57.43718434;58.34720569
sdab481;A20.1m;79.1;80.22403;52.12693;55.51099776;56.3329551;57.36919621
sdab482;A24.1m;80.1;81.83735;52.145863;55.5632154;56.0369806;56.4147716
sdab483;A26.8m;85.3;87.17265;52.07473;53.64177734;55.79883053;55.52391993
sdab484;Z18;59;58.8924;52.083733;54.34213769;55.43975613;54.95213862
sdab485;Z18-V2L;58;58.797634;52.07395;54.00751243;54.59384266;54.01717112
sdab486;Z18-G32D;58;59.57167;52.12426;54.03750449;54.86819638;53.77993723
sdab487;Z18-R50L;61;62.060047;52.045452;54.3330738;56.05548562;55.54300579
sdab488;Z18-I56V;55;55.88899;52.08396;54.52716592;55.52676225;55.3143288
sdab489;Z18-T61L;56;57.150658;52.05047;53.66850592;53.87128268;52.87060051
sdab490;Z18-G78A;67;68.18996;52.09176;54.83756759;56.5600293;56.96469858
sdab491;Z18-N85S;56;56.01508;52.051014;54.30732326;55.14459401;54.70069712
sdab492;Z18-Y114F;58;58.99076;52.093956;53.90467395;54.91404475;54.03445059
sdab493;Z18-S133R;60;60.840595;52.062336;54.55528971;55.53051675;55.50319535
sdab494;Z18-R50L/G78A/S133R;71;72.13873;52.11928;55.02160579;57.19868896;57.83249033
sdab495;Z18-G32D/R50L/G78A/S133R;71;72.31636;52.084625;54.693751;57.15171883;57.44361548
sdab496;Z26;65;65.51718;52.270546;52.9648781;53.66035221;52.99548493
sdab497;A3;80;81.10469;52.28942;54.51469683;57.08260495;58.13121135
sdab498;A3;79;80.19107;52.30442;54.54317193;57.33568718;58.3438963
sdab499;A3;77;85.28867;52.28161;53.87350823;56.6752171;57.54421045
sdab500;CC3;60;60.409744;52.224792;54.06709735;54.29190208;53.96956426
sdab501;CC3;70;69.5989;52.171673;53.69349797;54.23587805;52.48634244
sdab502;CC3;71;70.90392;52.193047;52.82200762;52.61573385;51.09418462
sdab503;CC3;67;67.53763;52.216225;52.00472294;50.99077528;49.28329363
sdab504;CC3;75;75.763535;52.295433;52.10404245;52.4766039;50.79315422
sdab505;CC3;59;59.891655;52.171387;54.84469534;55.32129687;55.01414271
sdab506;CC3;57;57.787937;52.166584;54.68638971;55.23374983;54.6608268
sdab507;CC3;56;56.758316;52.215893;56.19797087;55.95643956;55.91415606
sdab508;CC3;58;58.36635;52.148277;56.93462668;56.73428107;57.22331175
sdab509;CC3;53;54.228455;52.194805;57.01431942;56.61539865;56.62668809
sdab510;CC3;43;44.21026;52.290607;57.35132792;56.80500972;56.67851851
sdab511;A3-ds;62.6;63.77712;52.210773;54.14372621;57.36625808;58.31908788
sdab512;A3-ds;62.2;63.024147;52.209972;53.74742221;56.81665644;56.13132206
sdab513;A3-ds;64.6;65.46579;52.211926;54.29275638;57.6004261;58.42409603
sdab514;A3-ds;61.2;62.236954;52.16573;53.62856774;56.91264062;57.15793042
sdab515;A3-ds;69.5;70.32907;52.184326;53.14738935;57.01844517;55.12900117
sdab516;A3-ds;64.8;65.64711;52.135437;53.43274508;57.23389261;57.25454134
sdab517;SEB;75;71.77608;52.13517;56.15273128;57.50393095;58.46371285
sdab518;SEB;65.3;66.607025;51.98213;54.59415005;56.26727436;57.55491306
sdab519;SEB;70.9;72.2957;52.01706;53.95100136;56.00254143;55.97400246
sdab520;SEB;65.5;67.01778;52.024555;55.3718199;55.23302727;56.27147597
sdab521;SEB;73;73.64359;51.987263;54.89486308;57.11890241;58.26078041
sdab522;SEB;70.9;71.98682;51.979584;54.97752189;57.07169476;58.03401958
sdab523;SEB;60;61.024467;52.3014;53.18502215;54.28432522;54.46747321
sdab524;SEB;65.1;66.06595;52.21623;54.82932406;56.70309539;57.15475476
sdab525;SEB;66.9;60.18304;52.338097;55.74707397;56.63786974;58.47891447
sdab526;SEB;60.4;55.65393;52.074036;52.34931628;49.99523084;48.80546256
sdab527;SEB;56.2;57.96513;52.141956;53.37725198;52.59881965;51.35116306
sdab528;SEB;58.5;59.05109;52.359398;54.37424353;55.55750881;55.87723784
sdab529;SEB;62.1;62.680004;52.2068;53.30280077;52.31687711;50.28258458
sdab530;NbD1 _1_5;70.5;67.59961;52.25411;56.06479302;58.14485009;59.4415906
sdab531;NbD2_1_5;65.5;66.63675;52.332703;57.08882452;58.36302208;59.37162442
sdab532;NbD3;58;59.23269;52.286156;54.0528099;57.3959228;55.98635378
sdab533;NbD3_1_5;62;63.1954;52.388134;54.56318793;58.53137563;57.85582969
sdab534;NbD4_1_5;56;56.591747;52.055157;54.03613123;55.27900738;55.9762819
sdab535;NbD5;54;54.651447;52.490173;54.45993228;54.91480723;56.28995903
sdab536;NbD5_1_5;54;54.827118;52.48644;54.77558745;56.39355001;58.19950886
sdab537;NbD6_1_5;67;67.95736;52.04601;53.13384043;56.76260047;55.3629636
sdab538;NbD7_1_5;54;57.761723;52.422356;53.67158776;56.08513437;56.67543267
sdab539;NbD8_1_5;54;60.28123;51.9045;55.65974449;55.76969476;56.41929057
sdab540;NbD9_NC;62;61.44193;51.923042;52.31091502;52.13186086;52.20953563
sdab541;NbD10_NC;55.5;56.989147;52.39225;54.17153264;53.91517296;53.25311407
sdab542;NbD11;55;56.668636;52.03;55.00807084;54.8796435;53.73350203
sdab543;NbD11_NC;52;52.423595;52.08562;53.24036355;52.24699876;50.10826894
sdab544;NbD12_NC;46;49.421516;52.315662;55.47153862;56.40297717;57.82287155
sdab545;NbD1_NC;52;52.681576;52.16452;54.28135716;55.76857899;56.58617505
sdab546;NbD4_NC;53;53.60803;51.983864;52.4348733;51.4454606;50.84892277
sdab547;NbPep46;75.3;76.53619;51.94157;54.24676828;57.00364675;58.04414535
sdab548;NbPep67;59.5;60.20461;52.05381;55.51039496;56.55305923;57.95984981
sdab549;EBOV-GP-E7;54;58.539776;52.367382;53.62529827;54.77387288;55.28181178
sdab550;EBOV-GP-G6;67;67.73556;52.24336;54.18755262;55.75069074;56.20342996
sdab551;EBOV-GP-H7;68;60.488537;52.198433;53.56810656;54.72223208;55.24592949
sdab552;EBOV-GP-A8;60;61.19041;52.051018;52.18552162;52.2835058;52.52684948
sdab553;EBOV-GP-D1;51;51.960068;52.126106;55.40223113;54.82948175;56.62133079
sdab554;EBOV-GP-B5;60;46.599953;52.108753;55.39383191;55.24078976;56.05503652
sdab555;EBOV-GP-C12;62;62.89172;52.218636;54.43362485;54.73777502;53.71278742
sdab556;EBOV-GP-G11;46;58.851864;52.076538;53.77705898;54.30591208;55.28439063
sdab557;EBOV-GP-G3;61;61.210957;52.074688;54.48305407;54.63886469;54.70795861
sdab558;EBOV-GP-B11;62;64.87512;52.07627;54.32955084;54.96203684;54.58827379
sdab559;C8;60;60.90943;52.074623;53.92665003;54.09096166;52.37825245
sdab560;E9;58;57.992992;52.359486;54.27059866;56.05597464;55.02380939
sdab561;H3;57;55.91394;52.312805;53.94014705;56.05931397;55.15573175
sdab562;H1;65;66.26524;52.03136;54.33890814;55.22362407;55.08568773
sdab563;F8;59;59.100796;52.2825;56.10016034;56.03957342;58.05724916
sdab564;D1;49;49.88223;52.27284;52.90284607;53.46203255;53.6632125
sdab565;F11;54;54.644543;52.174126;53.67153586;54.51809604;55.14373772
sdab566;H1W;71;69.484314;52.032063;54.00367609;54.75141576;54.67957733
sdab567;C10;66;67.0311;52.049816;54.53051722;56.26765361;57.27103239